"United.Airlines.Aircraft.Operating.Statistics..Cost.Per.Block.Hour..Unadjusted.","...2","...3","...4","...5","...6","...7","...8","...9","...10","...11","...12","...13","...14","...15","...16","...17","...18","...19","...20","...21","...22","...23"
NA,NA,NA,NA,NA,NA,NA,NA,NA,NA,NA,NA,NA,NA,NA,NA,NA,NA,NA,NA,NA,NA,NA
NA,NA,1995,1996,1997,1998,1999,2000,2001,2002,2003,2004,2005,2006,2007,2008,2009,2010,2011,2012,2013,2014,2015
NA,NA,2086.82587734051,2243.53222808089,2334.45972427397,2311.3631952382,2339.9922283743,2646.31289834487,2937.55025599179,2785.74857013786,2398.71267959648,2428.11089313489,2790.92704687086,3186.91788763571,3375.05577315298,4409.39644232854,3087.04482335966,3759.21670242387,4401.86562307472,4665.11048782061,4717.30994377979,4831.98937742597,3783.7542002952
NA,NA,1584.79829577307,1645.71441556478,1756.75899167481,1822.04835126917,1881.05805601145,1976.89539857255,2210.00516493325,2206.46785734453,1700.56863477703,1519.613112251,1484.05569577708,1634.96890481712,1770.35652887248,1773.61759001113,1803.07510899415,1982.02934896688,2149.83745650495,2173.16361463449,2397.28933876504,2624.49717149056,2349.44042646736
NA,NA,NA,NA,NA,NA,NA,NA,NA,NA,NA,NA,NA,NA,NA,NA,NA,NA,NA,NA,NA,NA,NA
NA,NA,523.290951900437,548.660036550417,576.481887444172,594.555845500226,597.005136815044,670.058206882888,850.183750796651,904.620733605995,634.330475507346,528.334798817231,462.605525118089,462.33688204912,467.983791112205,515.546002921874,581.231284812189,565.702951215029,531.672153623214,615.496593034443,785.22102455574,913.935893158284,925.106758157209
NA,NA,388.037223904025,409.954613506873,444.071373504977,438.502447756044,437.396603766779,483.586074446651,552.690402669088,568.443809846486,370.530692491663,326.982059058685,291.5551187593,292.762727943502,295.843381460413,324.965431604341,354.000589576901,357.543677329701,366.698367796743,413.899261220874,528.158369570972,615.354148706978,648.890446880005
NA,NA,25.3257091602198,19.5669710786743,20.5334493317886,19.0101145161638,20.7530279007921,20.1023853158239,25.4596322601561,23.0219904326291,11.2977700166035,8.82423878714907,10.9053701475996,8.62548750922315,10.4869654781654,9.39952297391286,13.3989108342513,6.95070314875285,6.62936577492776,4.06572014841392,12.9069669275204,14.905527633639,22.0232233143862
NA,NA,69.7405538737527,76.1493235725716,66.9107228225525,90.6165757294744,88.7358975325908,114.998937480727,210.863718088243,259.332421771012,213.115163527454,157.705375065757,123.694530509616,120.617687361653,117.821928014734,134.658563779431,167.495694537105,155.784955176092,115.192419496195,172.548952507808,189.403427586967,198.070650081602,205.774188989731
NA,NA,40.1874649624397,42.9891283922973,44.9663417848544,46.4267074985443,50.1196076148815,51.3708096396861,61.1699977791638,53.8225115558675,39.3868494716252,34.8231259056406,36.4505057015738,40.3309792347423,43.8315161588935,46.5224845641894,46.3360898639319,45.4236155604835,43.1520005553483,24.9826591573469,54.7522604702808,85.6055667360647,48.4188989730867
NA,NA,NA,NA,NA,NA,NA,NA,NA,NA,NA,NA,NA,NA,NA,NA,NA,NA,NA,NA,NA,NA,NA
NA,NA,562.817356205853,692.711679090487,665.367139417797,571.519765360478,543.730970584233,768.676772050471,796.166377220517,652.206706839944,769.766851749361,980.776206365454,1384.00453530657,1633.35195530726,1680.53353001321,2725.50857308061,1356.90192853707,1858.12679179686,2334.89303471794,2583.38938121819,2409.83023757296,2297.19567669088,1537.63618377665
NA,NA,502.02758156744,597.817812516114,577.700732599155,489.314843969031,458.934172362853,669.417499772317,727.545091058539,579.280712793333,698.14404481945,908.497780883886,1306.87135109378,1551.94898281859,1604.6992442805,2635.77885231742,1283.96971436551,1777.187353457,2252.02816656977,2491.94687318612,2320.02060501475,2207.49220593542,1434.31377382784
NA,NA,6.71196322457675,4.76239170125497,3.61777360489605,2.20837197265414,2.00439080456001,2.277625900545,6.18090199985875,16.6450876471205,9.43661999972028,5.85307305326448,5.23410967485979,4.37546115737325,3.76193276687521,1.94910062928106,3.04097559461934,4.13055016859423,3.29767534687573,9.46079521748115,1.57996105079852,1.60922334127963,2.10955311999498
NA,NA,54.0778114138356,90.131474873118,84.0486332137458,79.9965494187927,82.7924074168198,96.9816463776082,62.4403841621193,56.2809063994902,62.1861869301914,66.4253524283037,71.8990745379337,77.0275113312955,72.0723529658416,87.7806201339133,69.8912385769475,76.8088881712636,79.5671928012981,81.9817128145866,88.2296715074142,88.0942474141822,101.212856828816
NA,NA,NA,NA,NA,NA,NA,NA,NA,NA,NA,NA,NA,NA,NA,NA,NA,NA,NA,NA,NA,NA,NA
NA,NA,551.637627536719,587.904975908364,695.752992200252,736.837111000884,787.646886185034,757.198368353862,807.88065004982,710.409557690601,593.617943763899,552.95872652931,613.912882546834,720.646147359545,833.327778416892,750.27577700393,712.131320497106,913.364223667779,1103.00379198737,961.415802476286,993.079505307938,1075.83122849555,774.160050874603
NA,NA,125.01222110102,122.838941313945,125.757256004858,129.106946451293,134.489294339666,133.367738719321,126.638717598978,158.238748658874,96.2203569651766,74.3047814023446,67.4690670606342,67.8549594181512,68.0233564525372,73.6309789698559,109.867655500908,161.199329402044,60.0356464167021,112.165966671361,110.534757368797,94.7919343320807,109.001601607889
NA,NA,85.3449938333894,100.329233428861,123.96818081977,147.992840043995,161.667030107671,140.583283136621,131.095706128061,82.0688431225446,66.0093866696504,70.0726031741812,68.6039573315294,74.042373774639,101.147502384134,87.2166250582064,52.300125672971,45.3291065965608,82.9634598196854,99.991181506962,82.6707962550386,91.9348151995205,57.3011336871526
NA,NA,30.730799416975,29.3189928446135,64.9528182025695,95.657874873299,126.11676129796,125.133613795814,167.113244777844,123.11334833781,156.988952980737,200.397484811826,279.270224074352,352.150310951829,424.522124873805,380.785540872462,369.587141017486,520.982484407395,734.106730994507,504.069010630891,577.76339719457,653.461032696573,366.327748641774
NA,NA,241.0736629667,252.487167587419,314.678255027198,369.729776359206,420.346575156047,392.720704426311,416.599091414213,362.041496252914,316.956944796872,338.933191026301,412.669289571454,493.866343417308,593.566116586586,538.019310907025,531.754922191364,727.510903228798,877.105698393829,716.220894037251,769.561156113036,840.187752033251,532.336180636247
NA,NA,310.563964570019,335.417808320944,381.074737173054,367.107334641679,367.300311028986,364.477663927551,391.281558635607,348.368061437687,276.660998967027,214.025535503009,201.24359297538,226.779803942237,239.761661830306,212.256466096905,180.376398305742,185.853337616182,225.898093593537,245.194908439035,223.518349194902,235.643567047072,241.823964450586
NA,NA,NA,NA,NA,NA,NA,NA,NA,NA,NA,NA,NA,NA,NA,NA,NA,NA,NA,NA,NA,NA,NA
NA,NA,445.177262024891,410.760435703342,387.460107585696,396.062024197201,407.670135478783,444.141045039633,485.127630010389,511.781741326041,398.886506812229,358.071524476746,314.765592509511,366.164224728576,390.631400473279,413.983049341275,435.393232277784,379.175236658897,229.327334415105,294.628484785467,279.566092731152,292.573845459363,290.612348082781
NA,NA,329.553537392084,287.570148919787,282.438723959567,272.871961871078,257.115382408253,251.761145667398,268.181713753783,333.304090736752,238.679752326188,199.080448419082,145.161719204534,192.778539053442,199.210413425552,218.708048423006,214.675810280359,201.937365051609,200.425535607369,268.965353851905,252.763161095443,268.272563533893,267.7910215746
NA,NA,115.623724632806,123.190286783555,105.021383626129,123.190062326123,150.55475307053,192.379899372235,216.945916256606,178.477650589289,160.206754486041,158.991076057665,169.603873304977,173.385685675134,191.420987047727,195.275000918269,220.717421997424,177.237871607288,28.9017988077367,25.6631309335625,26.8029316357091,24.3012819254699,22.8213265081808
NA,NA,NA,NA,NA,NA,NA,NA,NA,NA,NA,NA,NA,NA,NA,NA,NA,NA,NA,NA,NA,NA,NA
NA,NA,3.90267967260904,3.49510082828383,9.39759762605142,12.3884491794087,3.93909931121098,6.2385060180133,-1.80815208558643,6.72983067528214,2.11090176364694,7.96963694614679,15.6385113898524,4.41867819120902,2.57927313739172,4.0830399808526,1.38705723550494,42.8474990853135,202.969308331092,210.180226306223,249.613083612001,252.452733621895,256.238859403951
NA,NA,NA,NA,NA,NA,NA,NA,NA,NA,NA,NA,NA,NA,NA,NA,NA,NA,NA,NA,NA,NA,NA
NA,NA,NA,NA,NA,NA,NA,NA,NA,NA,NA,NA,NA,NA,NA,NA,NA,NA,NA,NA,NA,NA,NA
NA,NA,329.298630136986,332.426229508197,331.624657534247,324.87397260274,335.871232876712,347.136612021858,349.282191780822,303.079452054795,304.794520547945,293.29781420765,248.665753424658,246.005479452055,239.183561643836,232.112328767123,172.652054794521,152.421917808219,152,207.445355191257,190.060273972603,187.997260273973,190.101369863014
NA,NA,127.156173488499,127.611113416505,128.470828851437,130.775642054453,131.271580721322,127.540408516324,126.758541554328,126.626734981417,126.741061914032,128.07952982321,131.02931509805,131.561702569838,131.360539951141,131.870364166002,134.513027222588,133.905076976882,134.034593095795,130.109384403662,131.284373210393,135.497096296877,137.77423634678
NA,NA,691.683141452894,715.643617241665,721.462313353352,742.345801714366,760.270674388866,767.072164646339,793.190652307578,819.587204384748,883.150572901441,906.396646237099,952.61131829429,941.50297376405,926.328204472982,916.660577694571,925.313458571208,994.646895999288,1054.41803881627,1114.3244399793,1141.70841096452,1125.04736809638,1032.20384859016
NA,NA,920.552905931158,932.279138731643,922.687880889111,912.838954473894,899.887527852424,909.695417266497,886.49792168872,811.272605535523,718.370131089697,755.71876097926,764.789697493775,755.883111626436,747.383631130612,740.925923512315,759.677622453571,776.415458107382,779.748852424876,763.677682763268,766.719406918992,763.953605500307,758.440795465251
NA,NA,0.676379663510263,0.696265318494823,0.695541845856986,0.701327547401458,0.68252832647518,0.696140049627916,0.694282324543402,0.71243969654409,0.753743220376803,0.777327041507164,0.808142164963628,0.817512393183958,0.825655009300554,0.821642274942335,0.818190377161125,0.830243863864758,0.84463198788713,0.830721657749921,0.844169652045005,0.854079704231782,0.855453914189555
NA,NA,NA,NA,NA,NA,NA,NA,NA,NA,NA,NA,NA,NA,NA,NA,NA,NA,NA,NA,NA,NA,NA
NA,NA,NA,NA,NA,NA,NA,NA,NA,NA,NA,NA,NA,NA,NA,NA,NA,NA,NA,NA,NA,NA,NA
NA,NA,9.27562939913806,9.40405858565934,9.59109572631214,9.77597213671898,9.95017660062157,9.8522022478985,9.21838133785141,8.96463696846977,8.9976988764045,9.81044649594306,10.3586152947787,10.5655292230934,10.653902545188,9.96186305638508,10.2277127170015,10.4642305065248,10.3859949531363,10.0068093513336,10.0740788790867,9.65276381177225,9.17837635291914
NA,NA,7.75256668386109,7.87521780583226,8.01116132283569,8.16680019227688,8.24289315050615,8.09627554072348,7.66669019829317,7.51340577089962,8.25943370786517,8.21073714216513,8.75217875125326,10.2109319315752,10.6902132826281,9.97294649496583,10.26130629344,10.4951648272639,10.4200793078587,10.0303852486006,10.1078533125757,9.66395604715895,9.17805929064522
NA,NA,4.82955055992812,4.76089029161324,4.80916699024314,4.76860995623171,4.71398040671164,4.56587853792148,4.20988642068273,4.00776504194388,3.78204943820225,3.97315248679516,4.03861705761158,4.16635112259444,4.21356899040114,3.97197861215047,4.1137452791266,4.03907682352518,3.82256669069935,3.48721764899572,3.44293086547887,3.30733470321631,3.36725899664202
NA,NA,NA,NA,NA,NA,NA,NA,NA,NA,NA,NA,NA,NA,NA,NA,NA,NA,NA,NA,NA,NA,NA
NA,NA,2654.12195883639,2885.94233542912,3022.44187226587,2754.98923458531,2683.58054252305,2938.62581746026,3722.52555181942,3763.16319268209,3492.73908994933,3640.33788861365,3799.71485705821,3965.7586300491,4333.93226796868,5975.94794886678,4343.65722053001,4967.60313938199,5886.10517413471,5219.68788176905,5234.82923378704,5056.87106673859,4125.55941080294
NA,NA,2083.12268358935,2209.17760071696,2363.2896585246,2193.42491280644,2149.52148639457,2178.09502484873,2845.64037686853,2985.97551812039,2563.00314852244,2383.89601714492,2006.11549611698,1874.63912946924,2197.33650244515,2453.07163780187,2596.99418593453,2596.88480714442,2872.63022000681,2153.9355835735,2383.82822304522,2380.86216328235,2406.09609253786
NA,NA,NA,NA,NA,NA,NA,NA,NA,NA,NA,NA,NA,NA,NA,NA,NA,NA,NA,NA,NA,NA,NA
NA,NA,650.686747626876,677.509697113971,744.235299144843,720.41147807255,733.086331777738,800.265602198939,948.15005937122,1031.15102263029,733.823726343261,652.664978151354,541.120892142963,542.574086411528,566.475299746591,600.078292679635,649.79129348511,640.850399956169,607.381883057503,619.241120903478,791.201438694207,925.822842096602,931.694940136851
NA,NA,495.274374974221,516.777057398513,582.50052078604,539.459336951184,545.891709667694,584.808686633158,629.296090377423,654.403987875316,439.566120528304,392.858136881071,349.522292993631,352.643916401411,368.331911185813,382.038579392827,401.363127323356,409.148202936664,428.863985464369,413.293971327593,542.046775226687,620.874475438163,648.324442914269
NA,NA,28.2211733927277,22.3040622855783,25.6867698980328,20.009821080067,23.17446000593,22.8078167344827,24.922040594378,25.9081461653845,20.0776697819703,14.32547524284,9.3769177053135,6.72391245342611,10.7885571690414,9.75418798342355,11.9280519716368,8.46422309883848,9.72853274999552,2.80879627405219,3.74396127845016,19.2855063983592,29.4501354056282
NA,NA,92.0112189402108,97.1755842773725,91.0093634659246,114.455874390904,113.928844615756,141.276177387267,236.178158049517,299.311819297982,235.064761151406,208.51123048234,145.766764712106,143.250178893084,143.362781668991,161.272121056681,189.475798574137,176.970359412667,125.468074805903,174.947994735279,189.807889930523,199.723273631568,205.476699351812
NA,NA,35.1799803197162,41.2529931525072,45.0386449948456,46.4864456503947,50.091317488358,51.3729214440318,57.7537703499018,51.527069291602,39.1151748815801,36.9701355451028,36.4549167319127,39.956078663607,43.9920497227457,47.0134042467029,47.02431561598,46.2676145079991,43.3212900372356,28.190358566553,55.6028122585471,85.9395866285112,48.4436624651425
NA,NA,NA,NA,NA,NA,NA,NA,NA,NA,NA,NA,NA,NA,NA,NA,NA,NA,NA,NA,NA,NA,NA
NA,NA,643.533494782368,783.571618612858,756.034441316761,650.13283640347,631.249268089708,864.298380392793,961.131271431901,873.223901165115,1021.4604036711,1353.67252080492,1896.52062128362,2200.28376144299,2236.40989814674,3644.15437156626,1843.53202413676,2477.52240850318,3124.25606498001,3165.86312198572,2951.09885147164,2775.42209513883,1836.16159696668
NA,NA,570.999275247035,676.764734712167,659.152213741273,561.564321778875,534.059056128487,760.530792611523,876.885174950894,777.1876745617,929.735941426894,1256.44187146873,1793.59936094124,2091.11950057986,2136.59576552354,3522.87631106492,1746.66303459548,2370.71833223756,3013.47495412789,3065.75229819555,2851.00101074182,2676.00890345624,1719.46331826508
NA,NA,13.351953003011,10.9055774158767,7.16014037186794,4.40437667619395,3.82212898065764,4.58884419291161,9.35235431856266,19.7493967431217,11.0525283164592,6.49892844220546,3.9253443934232,4.18733190218866,3.04193487681453,1.5874515732779,2.2040068348976,2.75920447074293,2.38242097147263,9.27627417821442,2.18663547396572,1.97005159524702,2.1633079811073
NA,NA,59.1822665323222,95.9013064848137,89.7220872036193,84.1641379484016,93.368082980563,99.1787435883578,74.8937421624441,76.2868298602939,80.6719339277428,90.7317208939854,98.9959159489599,104.97692896094,96.7721977463903,119.690608928065,94.6649827063883,104.044871794872,108.398689880643,90.8345496119592,97.9112052558575,97.4431400873432,114.534970720489
NA,NA,NA,NA,NA,NA,NA,NA,NA,NA,NA,NA,NA,NA,NA,NA,NA,NA,NA,NA,NA,NA,NA
NA,NA,532.360514515682,651.548037472169,774.908261536078,711.126780070762,738.969021819024,734.006604023667,1031.92174096392,1116.60508862418,1147.61307119522,1155.38979654318,938.728653956028,834.179682680682,1108.06602545429,1261.70543054224,1333.50393061643,1322.98605632259,1577.60508747079,867.10518335548,842.119808235549,770.447519435835,814.868067075343
NA,NA,81.2990165750414,120.919160376962,129.430019709749,125.876027750847,121.336399674097,120.53758708638,173.841151468744,215.749045138643,155.105994026839,101.271953018453,75.7162959984764,84.3388358378365,85.7129599315307,96.839945465099,223.829138566267,391.101605303528,119.28600885765,79.881346867436,87.53236140318,83.5609710755765,102.40318534847
NA,NA,121.911697984244,128.119530057553,175.133668416864,126.120295639692,166.820731187725,155.737599439971,203.78200219729,210.426774113971,287.138394845268,224.008461131676,126.14004274499,123.07103906038,198.169167669904,239.408215331866,269.840876759972,169.893847249616,318.317405103011,144.277294198174,117.358830242993,82.1331038518153,73.526165255974
NA,NA,51.5487911945461,44.5745172447594,59.6633852695001,68.4126364563529,70.3879685160223,75.31572431933,97.0885907380897,112.331959996484,121.717953429273,393.684767179716,474.770933406691,312.779134897722,459.803924095991,527.74395594012,384.039248381389,349.630698005698,629.087159993545,374.529274572832,406.102054202182,368.029696980779,406.443407601495
NA,NA,248.696328507539,293.613207679274,364.227073396113,320.408959846892,358.545099377845,351.59091084568,470.122959461109,538.507779249098,560.032139220126,718.965181329845,644.341050003174,520.189009795939,743.686051697425,863.992116737085,877.709263707629,910.626150558843,1066.69045441777,598.687915638442,606.860648195795,531.787814927575,570.564634762507
NA,NA,283.664186008143,357.934829792895,410.681188139966,390.71782022387,380.423922441179,382.415693177987,561.798781502813,578.09730937508,587.580931975098,436.424615213337,294.387603952854,313.990672884744,364.379973756867,397.713313805159,455.794666908805,412.359960552268,510.914603168911,268.417267717038,235.259167720163,238.659666413719,244.303462121449
NA,NA,NA,NA,NA,NA,NA,NA,NA,NA,NA,NA,NA,NA,NA,NA,NA,NA,NA,NA,NA,NA,NA
NA,NA,820.938879166593,768.879615756235,737.173974585641,660.805076742927,574.649866574311,580.556992518357,768.824005948219,734.008376126056,589.891716988007,464.730440591166,402.638762511374,385.283884817529,418.459388880439,466.870047650545,516.161341004708,491.50462962963,423.857530496734,328.720532647334,295.499464675495,274.427157141508,216.606721544325
NA,NA,563.787099397218,522.745158444541,505.955655736391,401.97428891603,374.429109972169,397.05469809626,489.560098101231,479.038418460369,308.941367723129,234.337164964235,168.48033095626,238.813630419227,242.483456256719,273.487128953443,263.498510025342,261.957292351523,287.207329974359,293.354589656604,261.862675823762,244.292652934346,186.282210070244
NA,NA,257.151779769375,246.134457311694,231.21831884925,258.830787826897,200.220756602142,183.502294422096,279.263907846989,254.969957665687,280.950349264878,230.393275626931,234.158431555114,146.470254398302,175.97593262372,193.382918697102,252.662830979366,229.547337278106,136.650200522374,35.36594299073,33.6367888517328,30.1345042071612,30.3245114740807
NA,NA,NA,NA,NA,NA,NA,NA,NA,NA,NA,NA,NA,NA,NA,NA,NA,NA,NA,NA,NA,NA,NA
NA,NA,6.60232274486928,4.43336647389131,10.0898956825502,12.5130632956019,5.6260542622718,-40.5017616734997,12.4984741041604,8.17480413645656,-0.0498282482567899,13.8801525230315,20.7059271642296,3.43721469637526,4.52165574062092,3.13980642809897,0.668631286991407,34.7396449704142,153.004608129673,238.757922877039,354.909670710145,310.751452925813,326.228085079746
NA,NA,NA,NA,NA,NA,NA,NA,NA,NA,NA,NA,NA,NA,NA,NA,NA,NA,NA,NA,NA,NA,NA
NA,NA,NA,NA,NA,NA,NA,NA,NA,NA,NA,NA,NA,NA,NA,NA,NA,NA,NA,NA,NA,NA,NA
NA,NA,88,89.6092896174863,92.1397260273973,95.6493150684932,97.8767123287671,98,97.8328767123288,97.0054794520548,96.4164383561644,96.9453551912568,96.8821917808219,97,97,96.972602739726,96.6684931506849,96.2602739726027,95.4931506849315,336.010928961749,351.750684931507,350.394520547945,351.150684931507
NA,NA,187.950996055904,187.934538720126,187.949064135184,187.957341035282,186.489889583774,181.969994353178,181.982709825433,181.997937482994,181.997532788527,181.558378770923,171.618606021389,171.467383861822,170.857452653479,170.152755048188,170.777813449387,171.39673598403,170.523821343285,166.98452941723,166.703570197611,166.366231452578,168.600487341578
NA,NA,1405.56625040465,1409.83256433341,1401.09815471966,1311.46855825783,1281.38615828011,1365.25174034781,1382.92741793845,1347.79957772984,1362.88539353439,1405.95403907624,1400.6610157258,1448.63151729703,1444.93040752926,1445.60388835419,1370.63749663851,1410.83723073486,1440.62121762599,1490.90729328561,1517.89084782157,1518.19047392596,1496.00682386653
NA,NA,1049.515508535,1053.36474591461,1052.52452234573,1050.14055980156,1049.5284952921,1072.82517867667,1106.32651396611,1104.75940896421,1013.42135389579,1065.2075732695,1043.92996275684,1022.28543933674,1004.05034917803,1006.84042332042,1014.81254385313,1034.01203703704,1042.50458123397,941.539816616952,941.44453669469,923.354231236915,904.046938878928
NA,NA,0.677838557581772,0.685593891128646,0.69692358262341,0.713493959370424,0.711822510685776,0.725597997460602,0.705314089864276,0.711790633439597,0.761667884724961,0.77456876539336,0.81054657083752,0.8085206398931,0.826384117776685,0.825741939581082,0.84325055233853,0.859228834290196,0.878785861962333,0.842419908928693,0.851546663620368,0.852456511083519,0.857446956237687
NA,NA,NA,NA,NA,NA,NA,NA,NA,NA,NA,NA,NA,NA,NA,NA,NA,NA,NA,NA,NA,NA,NA
NA,NA,NA,NA,NA,NA,NA,NA,NA,NA,NA,NA,NA,NA,NA,NA,NA,NA,NA,NA,NA,NA,NA
NA,NA,10.5674346201743,10.8871238223008,11.1335969789777,11.3744557745188,11.2343456962911,10.8328036132486,10.0939259010334,9.96043155308272,9.12431802682428,10.1259793698213,10.6910242633335,11.4466883208586,10.9563903403474,10.4648961717757,10.30010769754,10.3896399601537,9.60051642519007,10.3234916246544,10.1411647415277,10.2625924593804,10.4696418818756
NA,NA,9.36130136986301,9.63560691526664,9.85067348577206,9.97946264894592,9.7665500349895,9.42090442734471,8.84869360665378,8.713474736634,8.37704591952717,7.43027450538301,9.38993835190317,11.162349950572,10.9821494139246,10.4989122757452,10.3361296905113,10.4116692756511,9.64504375268971,10.3261749878029,10.1350660882163,10.2623109762772,10.4702660528985
NA,NA,3.17369240348692,3.25127298228497,3.35166959055633,3.60391842346471,3.59356193142057,3.25602208096353,3.02951636842253,3.0766515095885,2.77668220050011,2.98015895383575,3.13435326056219,3.25521818952125,3.08207880242904,2.9354428591609,3.05631447681669,3.05740714387363,2.76387892698322,2.8513986013986,2.77131218406561,2.79514285267487,2.89155808691581
NA,NA,NA,NA,NA,NA,NA,NA,NA,NA,NA,NA,NA,NA,NA,NA,NA,NA,NA,NA,NA,NA,NA
NA,NA,5039.93103666001,5424.06791037547,5375.93688816095,4947.67512369303,4803.63537165357,5630.54296907265,5882.48159851683,5885.22982669353,5529.93489841711,5890.3902774593,7200.25323191111,7747.36072276928,7986.4313330352,10946.0468748815,7054.39921841705,8451.99682403348,9989.58081510894,10666.9364136701,10603.8776668197,10567.4077381831,8373.22059143262
NA,NA,3584.28365470624,3713.3391920506,3767.51223883242,3662.80888716954,3572.03368871662,3885.58739542403,4051.36465493962,4312.71580068923,3728.80954924977,3369.20706260032,3411.86694449677,3279.27036117238,3260.44443941272,3376.41508003306,3423.61876120711,3419.22222777073,3669.67036935772,3778.70884001537,3964.57592017038,4256.02553807092,4279.58961703425
NA,NA,NA,NA,NA,NA,NA,NA,NA,NA,NA,NA,NA,NA,NA,NA,NA,NA,NA,NA,NA,NA,NA
NA,NA,976.976557375324,1101.53341544764,1231.43250548552,1274.18173779687,1246.58893500428,1342.54309887076,1602.43637058479,1741.92485058352,1291.23036649215,1083.61568447604,901.686206046106,879.968122200803,899.817159806857,1003.34955983713,1055.10481413282,1018.87858419807,953.70790093329,1233.12957282807,1350.11689982917,1621.47778335449,1577.24756252171
NA,NA,758.696712139442,858.44105069405,990.396024492435,979.745506293262,949.381489192361,994.443756121161,1081.50187054768,1131.13190270864,739.240685054875,652.930979133226,583.614108746017,581.0153426381,594.994820471309,646.874502399854,655.715526322138,654.390204440361,684.019800283211,836.991595785566,922.485630216055,1086.77223878834,1096.37736935879
NA,NA,35.9847621185706,30.5645127807686,35.1024320115011,31.6251951532903,37.9065511333744,38.0603443189729,48.6974071319269,47.9830855544642,31.9478576771023,20.9933501490484,15.570655392927,11.8769887443582,13.6630117496995,15.0739670768787,20.8241197140629,13.7236110140122,17.4231882047118,16.7185132009253,24.8107432854466,36.0348675858404,56.0780953080131
NA,NA,132.43872751062,159.116071799272,149.35724589755,204.344108404678,195.814541186839,243.948163356815,408.311580024541,503.066575657183,462.335719628165,347.419399220362,243.219152411044,227.094585598259,223.03107151146,267.797972445273,305.2756848902,277.466157979366,183.358804637478,252.281610070555,312.039327829745,349.04115615128,343.751005909808
NA,NA,49.8563556066915,53.4117801735472,56.5768030840381,58.4669279456441,63.4863534917045,66.0908350738079,63.9255128806434,59.7432866632261,57.7061041320043,62.2719559734006,59.282289496119,59.9812052200861,68.128256074389,73.6031179151217,73.2894832064199,73.2986107643293,68.9061078078899,127.13785377102,90.7811984979268,149.629520829028,81.0410919450978
NA,NA,NA,NA,NA,NA,NA,NA,NA,NA,NA,NA,NA,NA,NA,NA,NA,NA,NA,NA,NA,NA,NA
NA,NA,1513.40505614233,1788.43745242675,1683.40852508735,1356.38943769755,1309.29887119717,1814.73680484265,1934.52688329962,1701.38179033413,1927.45523789172,2660.08163265306,3953.03363673261,4634.3083849032,4883.72760018944,7761.35665703692,3761.55488368727,5187.66746232285,6521.27385766812,7016.68225688326,6736.83292821505,6406.11044846624,4215.95634139661
NA,NA,1455.64738195377,1710.72871832487,1608.42464932853,1284.86623652349,1231.60168293696,1744.95557364862,1831.11694357721,1572.5140260043,1801.12534916734,2521.18321485898,3788.38628741434,4468.0903615969,4725.98689362248,7569.63179484846,3630.78045720994,5032.77459626275,6319.91044575122,6888.22757365471,6639.30174664931,6311.38220011219,4093.63097439836
NA,NA,17.8862701216154,14.9552984485932,12.0886677355986,8.67962008624355,7.5783124764864,8.79972152406575,19.0197351070768,43.3565851465863,26.1799184894601,17.1960559504701,20.8450255659364,17.2008899540551,12.3761488836182,5.6337814578073,8.12339683024694,10.3465798435986,9.51133864115863,6.34340533838021,3.5641880451224,2.75685689823153,2.49214331497048
NA,NA,39.8714040669428,62.7534356532931,62.8952080232255,62.8435810878232,70.1188757837243,60.9815096699588,84.3902046153336,85.5111791832454,100.149970234915,121.702361843614,143.802323752338,149.017133352244,145.364557683345,186.091080730648,122.651029647082,144.546286216505,191.852073275739,122.111277890172,93.9669935206159,91.9713914558177,119.833223683282
NA,NA,NA,NA,NA,NA,NA,NA,NA,NA,NA,NA,NA,NA,NA,NA,NA,NA,NA,NA,NA,NA,NA
NA,NA,1196.18421560339,1175.87050389582,1224.81869460113,1158.69090328533,1116.46859032296,1225.06548904386,1205.59600907717,1203.24471007375,1111.82131790637,1037.87204769548,1280.78835909994,1409.9230263069,1386.07961567708,1370.69978693236,1394.51645585906,1330.91324018497,1538.05482213616,1420.57183464219,1390.63890791147,1425.76096070385,1445.8825605593
NA,NA,251.409258486244,221.70516351357,197.055459183925,205.819367496097,204.005893576871,216.821834401218,240.635022906116,211.435563620624,165.497687481874,133.573033707865,112.645477266416,97.4279710321113,111.315524811735,113.45472881266,219.474441755184,360.103168975401,106.122254098193,110.632527717955,122.746882595968,139.895072480883,129.276069652725
NA,NA,278.72624781201,245.768576054915,227.531505864629,193.897554692813,236.236204728351,196.936174731849,246.100591089908,167.987414054306,196.323630424496,175.124971336849,234.631794198581,186.332683041667,188.031043208025,211.780517579976,161.346220338847,107.067104776933,227.116798002016,208.964011979087,236.98831302725,226.929467686221,207.735707609902
NA,NA,108.676893071745,164.937307112114,249.732903791207,240.398151090479,226.418572861068,221.537340554828,265.071371382279,237.268383638271,266.378428708806,345.616143086448,442.505286992929,628.845548975453,589.607733253329,551.661321019388,577.143121346381,483.683801572004,686.007153729693,692.169360511069,724.66493080379,739.093472291931,822.722902554517
NA,NA,638.812399369999,632.411046680598,674.31986883976,617.717539310819,571.961742712095,634.939879877754,601.942084875015,616.684702082674,561.770183017111,585.063976152259,775.314937769811,912.482705522076,888.052365129413,876.7904127143,957.963783440412,950.854055349706,1019.24589976617,1003.395041586,1081.96140966113,1105.53325853975,1137.09040058505
NA,NA,557.371816233395,543.459457215218,550.498825761368,540.973363974511,544.506847610868,590.125609166106,603.653924202155,586.560007991077,552.161403080305,452.811740426508,505.473421330128,497.440320784827,498.027250547671,493.909374218057,436.552672418645,380.059144885995,518.808942774243,417.17679305619,308.677648758682,320.227672640312,308.792301154573
NA,NA,NA,NA,NA,NA,NA,NA,NA,NA,NA,NA,NA,NA,NA,NA,NA,NA,NA,NA,NA,NA,NA
NA,NA,1339.604109738,1344.40953817623,1215.17697277834,1139.70135597956,1121.1705614936,1235.00536892161,1232.39482215979,1225.31506484426,1265.52554454841,1165.47397385921,1028.85173698837,814.983337482078,793.166041160743,786.634744432565,836.557094955895,749.611793022861,312.52172032304,369.32860550951,385.790928862232,348.276327832069,312.238089321967
NA,NA,790.473868646936,759.303596883347,696.293147730872,643.518454554805,621.607483583571,669.337852667351,579.116507721438,592.74643314965,563.840382824783,525.56753038294,400.791932310955,263.686516964508,247.230508839163,221.996011616357,230.335791191914,224.780548703147,226.719996572086,302.689493644267,316.049261380312,278.423784358301,235.441230866537
NA,NA,549.130241091066,585.105941292885,518.88382504747,496.182901424753,499.563077910029,565.667516254263,653.278314438354,632.568631694608,701.685161723627,639.906443476267,628.059804677411,551.29682051757,545.93553232158,564.638732816208,606.221303763981,524.831244319714,85.8017237509539,66.6391118652425,69.7416674819202,69.8525434737681,76.7968584554308
NA,NA,NA,NA,NA,NA,NA,NA,NA,NA,NA,NA,NA,NA,NA,NA,NA,NA,NA,NA,NA,NA,NA
NA,NA,13.7610978009604,13.8170004290242,21.1001902086058,18.7116889337147,10.1084136355665,13.1922073937721,-92.4724866045414,13.3634108578754,-66.0975684215347,-56.6530612244898,35.8932930440845,8.17785187629407,23.6409162010752,24.0061266425544,6.66596978200912,164.925744304734,664.022514048325,627.224143807058,740.498002001763,765.782217826461,821.896037633028
NA,NA,NA,NA,NA,NA,NA,NA,NA,NA,NA,NA,NA,NA,NA,NA,NA,NA,NA,NA,NA,NA,NA
NA,NA,NA,NA,NA,NA,NA,NA,NA,NA,NA,NA,NA,NA,NA,NA,NA,NA,NA,NA,NA,NA,NA
NA,NA,135.402739726027,138.81693989071,145.378082191781,152.720547945205,153.142465753425,156.166666666667,150.065753424658,156.295890410959,149.72602739726,128.325136612022,116.920547945205,117,116.991780821918,116.087671232877,112.753424657534,111.731506849315,111.002739726027,153.819672131148,156.235616438356,158.849315068493,167.027397260274
NA,NA,296.431973278717,297.650884191654,294.124577079717,284.382525118911,280.053453995068,279.647966209799,276.472264446448,266.093513775212,260.909013498339,264.943217056102,273.205971764937,272.599484243901,273.386004159418,271.300222184813,269.949426232261,271.523456302652,273.165459145661,267.709749081592,266.633137262085,266.656922452496,265.434067105438
NA,NA,2761.53490380122,2746.22634580748,2800.44943625325,2783.18899809538,2771.79708247287,2889.5895872547,3079.94629007634,2914.87924143556,3016.25593852167,3141.36947669852,3397.78879439993,3348.08644390257,3476.02233623479,3671.61379113019,3553.26150316898,3525.26293884772,3724.93648964336,4186.0151996735,4362.45012012814,4527.82117035392,4577.64963646314
NA,NA,2525.01966823231,2491.68334555822,2460.41309567378,2384.50197647875,2317.17157173541,2279.84163156218,2179.74359836838,2104.71433732332,1737.30886999527,2160.02926484751,2243.77473040705,2235.27368402772,2265.88986755879,2206.76269496448,2174.95172800592,2216.42914099094,2212.57603031255,2121.6234404345,2171.2872782824,2159.39880871542,2129.51186761803
NA,NA,0.732456677538868,0.740536296881144,0.73956215934276,0.726251453985895,0.7275066650235,0.739737541519723,0.716790980850487,0.757537611406236,0.773156932108073,0.810604232770058,0.820360174031609,0.828598224144965,0.828824152327373,0.797641935639198,0.809299209931468,0.838646892950936,0.81921340808468,0.816287123492964,0.822460251283171,0.812704601151313,0.804795362812766
NA,NA,NA,NA,NA,NA,NA,NA,NA,NA,NA,NA,NA,NA,NA,NA,NA,NA,NA,NA,NA,NA,NA
NA,NA,NA,NA,NA,NA,NA,NA,NA,NA,NA,NA,NA,NA,NA,NA,NA,NA,NA,NA,NA,NA,NA
NA,NA,11.5365221965926,11.3774873541047,11.4831615249797,11.6859695387762,11.9356494981842,11.8616442430498,11.5609048088509,10.5292034777731,9.59019213174748,11.6065535375902,12.06633705127,12.1350895679663,12.4109175214276,12.4500141602945,12.0872797958936,12.2758815163553,12.096307631553,12.2479484173505,11.6510889769579,11.6836840289755,11.6183711965882
NA,NA,10.6974019667355,10.5342177259039,10.6318150123438,10.7877581041566,10.9635937527953,10.895585842504,10.7020666739694,9.66279273594166,8.1507593778591,10.7953030851449,10.9073718249133,11.9920384029973,12.4291602266873,12.4601151703955,12.1190377839874,12.2364523564318,12.1493237239609,12.2558172581619,11.6473012310174,11.7081924801656,11.6500123021406
NA,NA,1.99186597062037,1.96705178420296,1.95559994723253,1.99680677394471,2.03579798558062,1.94266668999423,1.79373425347793,1.71925396157622,1.51676120768527,1.76215214938148,1.71389071140688,1.74775787378527,1.72991897335019,1.64967431322572,1.65236301785931,1.69091756166936,1.58480600256689,1.43623219297311,1.3137866937888,1.27385305277682,1.25885344049865
NA,NA,NA,NA,NA,NA,NA,NA,NA,NA,NA,NA,NA,NA,NA,NA,NA,NA,NA,NA,NA,NA,NA
NA,NA,3013.6372235743,3238.05724443008,3318.68606331888,3169.0220909065,3118.53154431867,3568.04149992947,3927.80580511722,3920.15497857888,3477.89162718469,3614.76334802356,4237.55685481715,4617.8525893882,4898.79539326262,6722.10887321777,4701.39317435571,5686.55363637745,6711.15965408816,6446.19025813891,6437.55227952852,6408.14542585003,5164.23644284402
NA,NA,2231.47319851872,2317.2865405277,2433.9259570103,2431.97820758866,2421.14925430531,2568.8127650415,2853.24314380377,2998.25916445035,2426.35065196043,2193.3107777784,2133.24565317716,2141.99612327536,2287.31502189678,2403.49879098648,2530.23592892572,2634.0037310701,2854.17152116265,2571.36657122313,2781.41373840275,2920.63677771842,2886.52307273206
NA,NA,NA,NA,NA,NA,NA,NA,NA,NA,NA,NA,NA,NA,NA,NA,NA,NA,NA,NA,NA,NA,NA
NA,NA,672.424089596282,724.488696644149,791.847344616963,817.722278111427,810.259070346313,888.549171817421,1086.09239462699,1186.13984369497,838.117301420593,705.786404037318,602.136290092942,595.306909148013,612.500399082462,681.250416208359,754.370733308047,741.348779770168,697.398351815038,773.882676170563,928.962292255096,1100.53002914067,1100.30184200772
NA,NA,510.407471823336,552.980482798488,623.455494941017,616.359437089767,605.695142671356,649.951321438539,719.813233719733,757.79969902979,487.208055894239,429.841683707639,385.549575654956,385.514039907083,396.850847055908,434.590416529844,465.134106234111,473.198201184936,492.556856670724,520.916846427855,633.242640194981,738.489820371473,766.56582192933
NA,NA,28.8131298287592,23.0943772261162,25.5723411199702,22.9121078967143,26.1788478615029,25.8076176664572,32.1548018962485,31.2538077564352,18.6870227022951,13.2227385740346,11.9006446728032,9.11388159057878,11.461107181915,11.1934214967886,15.4974289413323,9.67423931616848,11.1456705700122,6.68766792269625,11.3981941163582,22.4696085332505,34.7090471845149
NA,NA,91.1324951505563,102.825285890307,94.5418939711848,128.46072070954,124.37334377469,157.114208920535,272.717590462324,341.851568320083,287.682110452762,219.860978362095,161.821165211452,154.989934296514,153.355350058902,180.6384464004,218.33040943636,203.201309258883,141.493738110619,193.890142466489,220.172240298234,237.44752021542,241.996462315059
NA,NA,42.0709927936303,45.5885507292379,48.2776145847904,49.9900124154056,54.0117360387635,55.6760237918896,61.4067685486838,55.2347685886636,44.5401123712965,42.8610033935502,42.8649045537313,45.6890533538369,50.8330947857374,54.8281317813259,55.4087886962431,55.2750300101807,52.2020864636832,52.3880193535218,64.1492176455227,102.123080020526,57.0305105788168
NA,NA,NA,NA,NA,NA,NA,NA,NA,NA,NA,NA,NA,NA,NA,NA,NA,NA,NA,NA,NA,NA,NA
NA,NA,844.068958669946,1012.93275506013,970.432228283676,817.241696376522,782.282846574979,1090.62278795084,1155.93748760901,1016.28807178042,1142.19036822101,1516.8627719425,2211.34554309511,2586.74585340554,2715.83759427139,4445.93711751887,2268.98169337144,3165.58214225033,3987.97580901327,3979.70050222794,3752.89890623452,3583.30045126752,2392.72475054595
NA,NA,782.164025055583,920.770703902382,884.760106308575,737.043883317835,697.382290013355,999.22873488797,1074.56266131345,921.895814128531,1051.54097522426,1421.45257024516,2104.31120163999,2475.85646611284,2611.48037136585,4318.61008223129,2171.15724542999,3052.54990530735,3856.98813292551,3874.82368691578,3656.13854112576,3487.50864813161,2277.71337011196
NA,NA,10.9723140848987,8.65101327662178,6.64288711707931,4.5127576106074,3.94828381846023,4.57237706236852,10.4563850848858,25.4570207445285,14.4707970583918,9.13035104828159,9.34933759842198,7.88484557464244,6.08120502881781,2.98808897788412,4.51836740929886,5.93417651926108,5.25280616159922,8.58403352845008,2.37096328801991,2.08089787494434,2.23724892708335
NA,NA,50.9326195294644,83.511037881127,79.0292348580221,75.6850554480802,80.9522727431636,86.8216760004986,70.9184412106704,68.9352369073589,76.1785959383621,86.2798506490554,97.6850038566904,103.004541718055,98.2760178767298,124.338946309696,93.3060805321603,107.09806042372,125.734869926156,96.2927817837091,94.3894018207413,93.7109052609672,112.774131506906
NA,NA,NA,NA,NA,NA,NA,NA,NA,NA,NA,NA,NA,NA,NA,NA,NA,NA,NA,NA,NA,NA,NA
NA,NA,729.932293022482,762.291912543392,859.885298643167,856.683822966553,874.977713063117,890.138719881084,961.230366902514,936.257450349427,837.081119553071,798.566259539411,868.226107884777,936.015882926975,1049.517610765,1046.92017295897,1087.62922550719,1161.02108517366,1368.56203178591,1033.82379173816,1018.43991343525,1014.08345640229,971.555985929645
NA,NA,153.28095061446,149.994661649579,146.655010024712,151.160394267262,152.450077261381,155.623441455672,167.765526895027,185.09462258675,126.128736795181,95.7591095340727,81.8600266858974,79.6090586524189,84.1520160563726,90.6266433054177,173.598439230217,287.940887196255,90.3107710207825,96.7017729694342,102.342200917875,100.753860695613,111.050792164545
NA,NA,145.938742152842,145.534493919571,162.324334405744,157.603178996087,184.311657029387,159.603566281566,176.752051948579,131.875747734112,141.463470120534,127.58073027483,127.107133077093,115.737696687158,146.429984161161,157.302648348141,140.85123597476,98.0830090576182,189.609546481457,148.307118543079,138.085137516096,121.563020419582,105.058461490368
NA,NA,56.1735258654287,69.6414263687579,116.52725322889,133.464024992062,145.585700701296,144.977135957907,184.075993792285,156.4119662136,181.908145429452,276.313551161485,365.441326483298,420.21761575559,479.271792202226,463.784131955846,441.661446608268,464.882936121483,692.195012616574,491.284478747722,530.525766821447,534.083316901098,506.667345225353
NA,NA,354.368747403627,365.170581937908,425.506597659346,434.029172806049,453.710906090714,456.664002322422,479.606844715835,472.676953671461,428.732299462518,477.226228674094,562.314734302943,615.438316119173,709.531279677531,709.930329591094,756.111121813246,850.906818561694,972.115137390386,734.16897000057,767.957230137981,755.343891186051,710.84093517544
NA,NA,375.563545618854,397.121330605484,434.378700983821,422.654650160503,421.266806972403,433.474717558661,481.62352218668,463.580496677965,408.947888122691,321.341052557372,305.911373581834,320.577566807802,339.986331087469,336.989843367878,331.518103693941,310.114273518796,396.446894395529,299.654821737587,250.482724568602,258.739561445941,260.715125184774
NA,NA,NA,NA,NA,NA,NA,NA,NA,NA,NA,NA,NA,NA,NA,NA,NA,NA,NA,NA,NA,NA,NA
NA,NA,760.080100412011,731.818107492255,683.677903669511,663.097709378048,644.978272421533,698.292562252267,750.446536838252,772.429195652744,678.130929405845,602.489250522468,533.475745399519,494.537172597571,511.912679133913,538.085074136755,587.453525980613,535.586106771319,304.896815341183,329.492420606241,313.829875045398,297.820602969415,259.355271247322
NA,NA,498.636919789435,459.100059924186,439.041824031333,405.455621832452,383.958911628362,398.232905672293,395.752436472815,439.849401787004,343.207483908848,296.470002865846,221.777699710557,222.371126146312,222.065174630368,231.352143272121,231.637074526491,224.968725869259,230.352835784672,288.906665783952,272.984589282659,258.998535991497,218.558923704201
NA,NA,261.443180622576,272.718047568069,244.636079638178,257.642087545595,261.01936079317,300.059656579974,354.694100365436,332.57979386574,334.923445496996,306.019247656622,311.698045688962,272.166046451259,289.847504503544,306.732930864634,355.816451454121,310.61738090206,74.5439795565105,40.5857548222893,40.8452857627393,38.8220669779177,40.7963475431213
NA,NA,NA,NA,NA,NA,NA,NA,NA,NA,NA,NA,NA,NA,NA,NA,NA,NA,NA,NA,NA,NA,NA
NA,NA,7.13178187357709,6.52577269015348,12.8432881055626,14.2765840739471,6.0336419127261,0.438258027864756,-25.9009808595454,9.04041710131858,-17.6280914158318,-8.94133801813197,22.3731683448088,5.24677131010112,9.02711000985395,9.91609239481123,2.95799618841632,83.0155224119756,352.32664613276,329.29086739601,423.421292558252,412.410886070127,440.298593113387
NA,NA,NA,NA,NA,NA,NA,NA,NA,NA,NA,NA,NA,NA,NA,NA,NA,NA,NA,NA,NA,NA,NA
NA,NA,NA,NA,NA,NA,NA,NA,NA,NA,NA,NA,NA,NA,NA,NA,NA,NA,NA,NA,NA,NA,NA
NA,NA,552.701369863014,560.852459016393,569.142465753425,573.243835616438,586.890410958904,601.303278688525,597.180821917808,556.380821917808,550.93698630137,518.568306010929,462.468493150685,460.005479452055,453.175342465753,445.172602739726,382.07397260274,360.413698630137,358.495890410959,697.275956284153,698.046575342466,697.241095890411,708.279452054795
NA,NA,194.172704098284,194.018387803072,194.714135767026,194.517870619781,192.201655268232,189.664929886996,187.772865205527,186.924654305833,180.933429689236,182.822281973377,186.325210620197,186.052156379177,187.897027807017,189.934790763907,195.032520567316,197.216906904533,197.768931250528,187.059370596936,186.887897261669,189.022203575256,191.779851487084
NA,NA,1045.82019660274,1068.08971647451,1087.53149613201,1114.60444065115,1120.97194284432,1145.24641428444,1181.37008858346,1224.04475606193,1255.12927509433,1293.05193240446,1367.67165090021,1363.61677074579,1370.98840145594,1401.7156218769,1446.4374072014,1541.19805231232,1614.4478625735,1660.68109075398,1701.98813863844,1720.32609382548,1684.16950929587
NA,NA,1394.04869943032,1386.59603211475,1382.23881848277,1371.76082747025,1339.34357672999,1337.73482154142,1300.60696874104,1263.92858409814,1058.94610391826,1203.58820037629,1237.80630686164,1223.04924529924,1236.74158287739,1241.3931469715,1288.9379797278,1339.29062356252,1343.7613879302,1191.1182951835,1202.21100383898,1199.24244516189,1192.57080096224
NA,NA,0.705125815661068,0.716622837185125,0.718033457004758,0.716114803615065,0.710101256818547,0.723300723968137,0.707527445124673,0.735378264235177,0.764422922341805,0.792581142651233,0.814511872821483,0.820991155499034,0.827361232323596,0.81011350579556,0.818619096851531,0.840969433788834,0.837466901726559,0.829396348923383,0.838405206037067,0.836158879028622,0.834824047867621
NA,NA,NA,NA,NA,NA,NA,NA,NA,NA,NA,NA,NA,NA,NA,NA,NA,NA,NA,NA,NA,NA,NA
NA,NA,NA,NA,NA,NA,NA,NA,NA,NA,NA,NA,NA,NA,NA,NA,NA,NA,NA,NA,NA,NA,NA
NA,NA,10.0351895546655,10.1294575002923,10.3241117374372,10.5515403806265,10.6824265340896,10.5338994988118,9.95047047543022,9.57776530315788,9.18087740934498,10.3139001875698,10.8599949052435,11.150546151922,11.1722397209342,10.7202747279799,10.7948041331737,11.0059368609893,10.706337742929,10.6538128470277,10.4608476884613,10.4219251610064,10.3939626027959
NA,NA,8.73014236427807,8.81461183210569,8.97836687734973,9.16751579571198,9.20693228765493,9.03918174093613,8.62309206270559,8.32643454025281,8.25048236628011,8.70440894434024,9.43065503166451,10.8645698085788,11.2016274809714,10.7360974348875,10.8284704245753,11.0126794931243,10.7490657312516,10.6638558324158,10.4661226828684,10.4303851186477,10.40164860244
NA,NA,3.87072213189515,3.82818893955337,3.84431276084665,3.83582496152633,3.82828466727353,3.6711151097116,3.40935720806896,3.20254679213508,2.990476995604,3.24037914392295,3.26144987292729,3.35906659837286,3.33019968683687,3.14060115208508,3.11982905124877,3.04893919468495,2.84767407203613,2.72837309906231,2.62795590041878,2.58665660745089,2.63420908085192
NA,NA,NA,NA,NA,NA,NA,NA,NA,NA,NA,NA,NA,NA,NA,NA,NA,NA,NA,NA,NA,NA,NA
NA,NA,NA,NA,NA,NA,NA,NA,NA,NA,NA,NA,NA,NA,NA,NA,NA,NA,NA,NA,NA,NA,NA
